Number of related children under 18,One person (under 65),One person (65 or older),Two people (householder under 65),Two people (householder 65 and older),Three people,Four people,Five people,Six people,Seven people,Eight people,Nine people
None,13300.43779,12261.34109,17119.60831,15453.13247,19997.71012,26369.52952,31800.28021,36576.20393,42085.37701,47069.12006,56620.96748
One,,,17621.51163,17554.85259,20578.03583,26800.85268,32262.97233,36721.28535,42348.09202,47484.75874,56895.44586
Two,,,,,20597.64143,25926.44301,31274.85018,35964.50926,41442.31339,46629.95466,56138.66977
Three,,,,,,26016.62876,30510.23186,35239.10213,40811.01313,45881.02081,55503.44839
Four,,,,,,,30043.61862,34160.79423,39634.67724,44818.39739,54460.43057
Five,,,,,,,,33521.65173,38262.28537,43469.53224,53025.30078
Six,,,,,,,,,36756.57543,42065.77141,51727.41018
Seven,,,,,,,,,,41708.94952,51405.87837
Eight,,,,,,,,,,,49425.71296